{"2": {"3": 0.6669352224800701, "1": 0.2944888920518062, "4": 0.4164701851078906, "7": 0.3222253204769533, "5": 0.3222253204769533, "6": 0.3222253204769533}, "3": {"2": 0.6669352224800701, "1": 0.2944888920518062, "4": 0.4164701851078906, "7": 0.3222253204769533, "5": 0.3222253204769533, "6": 0.3222253204769533}, "1": {"2": 0.2944888920518062, "3": 0.2944888920518062}, "4": {"2": 0.4164701851078906, "3": 0.4164701851078906}, "7": {"3": 0.3222253204769533, "2": 0.3222253204769533, "5": 0.5581106265512472, "6": 0.5581106265512472}, "5": {"3": 0.3222253204769533, "7": 0.5581106265512472, "2": 0.3222253204769533, "6": 0.5581106265512472}, "6": {"3": 0.3222253204769533, "7": 0.5581106265512472, "2": 0.3222253204769533, "5": 0.5581106265512472}}